Name,Well Position,Sequence
N1_1012_r_GGATCCAATG,A1,AATGATACGGCGACCACCGAGATCTACACGGATCCAATGTCTGGTTACTGCCAGTTGAATCTG
N1_366_r_GCCTGGATTC,A2,AATGATACGGCGACCACCGAGATCTACACGCCTGGATTCTCTGGTTACTGCCAGTTGAATCTG
N1_670_r_TGAACGTTGG,A3,AATGATACGGCGACCACCGAGATCTACACTGAACGTTGGTCTGGTTACTGCCAGTTGAATCTG
N1_391_r_CGGAGACAAG,A4,AATGATACGGCGACCACCGAGATCTACACCGGAGACAAGTCTGGTTACTGCCAGTTGAATCTG
N1_1476_r_CACTACAAGA,A5,AATGATACGGCGACCACCGAGATCTACACCACTACAAGATCTGGTTACTGCCAGTTGAATCTG
N1_41_r_GGTCATCTTC,A6,AATGATACGGCGACCACCGAGATCTACACGGTCATCTTCTCTGGTTACTGCCAGTTGAATCTG
N1_98_r_CGAGATCTTA,A7,AATGATACGGCGACCACCGAGATCTACACCGAGATCTTATCTGGTTACTGCCAGTTGAATCTG
N1_453_r_AGACGTTAGA,A8,AATGATACGGCGACCACCGAGATCTACACAGACGTTAGATCTGGTTACTGCCAGTTGAATCTG
N1_379_r_TTAAGTCACG,A9,AATGATACGGCGACCACCGAGATCTACACTTAAGTCACGTCTGGTTACTGCCAGTTGAATCTG
N1_1091_r_AGGAGATTAG,A10,AATGATACGGCGACCACCGAGATCTACACAGGAGATTAGTCTGGTTACTGCCAGTTGAATCTG
N1_415_r_GAGTCATTGA,A11,AATGATACGGCGACCACCGAGATCTACACGAGTCATTGATCTGGTTACTGCCAGTTGAATCTG
N1_1208_r_TACAATCGAC,A12,AATGATACGGCGACCACCGAGATCTACACTACAATCGACTCTGGTTACTGCCAGTTGAATCTG
N1_257_r_GCTTGTCATG,A13,AATGATACGGCGACCACCGAGATCTACACGCTTGTCATGTCTGGTTACTGCCAGTTGAATCTG
N1_1014_r_TACCTAGCCA,A14,AATGATACGGCGACCACCGAGATCTACACTACCTAGCCATCTGGTTACTGCCAGTTGAATCTG
N1_1504_r_GCTAATCAGG,A15,AATGATACGGCGACCACCGAGATCTACACGCTAATCAGGTCTGGTTACTGCCAGTTGAATCTG
N1_1265_r_CTAGCCAACA,A16,AATGATACGGCGACCACCGAGATCTACACCTAGCCAACATCTGGTTACTGCCAGTTGAATCTG
N1_302_r_GATCAACGTA,A17,AATGATACGGCGACCACCGAGATCTACACGATCAACGTATCTGGTTACTGCCAGTTGAATCTG
N1_1300_r_ACCGAACCAA,A18,AATGATACGGCGACCACCGAGATCTACACACCGAACCAATCTGGTTACTGCCAGTTGAATCTG
N1_803_r_CACTCCAACT,A19,AATGATACGGCGACCACCGAGATCTACACCACTCCAACTTCTGGTTACTGCCAGTTGAATCTG
N1_909_r_CGGCATGATC,A20,AATGATACGGCGACCACCGAGATCTACACCGGCATGATCTCTGGTTACTGCCAGTTGAATCTG
N1_353_r_GCGTCACCAA,A21,AATGATACGGCGACCACCGAGATCTACACGCGTCACCAATCTGGTTACTGCCAGTTGAATCTG
N1_367_r_ACTAACGTGT,A22,AATGATACGGCGACCACCGAGATCTACACACTAACGTGTTCTGGTTACTGCCAGTTGAATCTG
N1_1272_r_CACACCACTA,A23,AATGATACGGCGACCACCGAGATCTACACCACACCACTATCTGGTTACTGCCAGTTGAATCTG
N1_1243_r_CCGTACTATC,A24,AATGATACGGCGACCACCGAGATCTACACCCGTACTATCTCTGGTTACTGCCAGTTGAATCTG
N1_662_r_AGTGTCGACT,B1,AATGATACGGCGACCACCGAGATCTACACAGTGTCGACTTCTGGTTACTGCCAGTTGAATCTG
N1_497_r_GAACGAGAGA,B2,AATGATACGGCGACCACCGAGATCTACACGAACGAGAGATCTGGTTACTGCCAGTTGAATCTG
N1_1046_r_CGTACCAACT,B3,AATGATACGGCGACCACCGAGATCTACACCGTACCAACTTCTGGTTACTGCCAGTTGAATCTG
N1_1108_r_CTATTCACTG,B4,AATGATACGGCGACCACCGAGATCTACACCTATTCACTGTCTGGTTACTGCCAGTTGAATCTG
N1_33_r_ACGTCGGATG,B5,AATGATACGGCGACCACCGAGATCTACACACGTCGGATGTCTGGTTACTGCCAGTTGAATCTG
N1_1436_r_TACTTACCGA,B6,AATGATACGGCGACCACCGAGATCTACACTACTTACCGATCTGGTTACTGCCAGTTGAATCTG
N1_264_r_CACGTTCAAC,B7,AATGATACGGCGACCACCGAGATCTACACCACGTTCAACTCTGGTTACTGCCAGTTGAATCTG
N1_1277_r_GAACGCTTAC,B8,AATGATACGGCGACCACCGAGATCTACACGAACGCTTACTCTGGTTACTGCCAGTTGAATCTG
N1_924_r_GACAGGTCAA,B9,AATGATACGGCGACCACCGAGATCTACACGACAGGTCAATCTGGTTACTGCCAGTTGAATCTG
N1_1166_r_TATACCTAGC,B10,AATGATACGGCGACCACCGAGATCTACACTATACCTAGCTCTGGTTACTGCCAGTTGAATCTG
N1_1114_r_TCTGTCCTAC,B11,AATGATACGGCGACCACCGAGATCTACACTCTGTCCTACTCTGGTTACTGCCAGTTGAATCTG
N1_1457_r_GAAGCATCAC,B12,AATGATACGGCGACCACCGAGATCTACACGAAGCATCACTCTGGTTACTGCCAGTTGAATCTG
N1_765_r_AATCAAGAGC,B13,AATGATACGGCGACCACCGAGATCTACACAATCAAGAGCTCTGGTTACTGCCAGTTGAATCTG
N1_1071_r_ACAAGGCCTC,B14,AATGATACGGCGACCACCGAGATCTACACACAAGGCCTCTCTGGTTACTGCCAGTTGAATCTG
N1_816_r_TAAGGAGCTC,B15,AATGATACGGCGACCACCGAGATCTACACTAAGGAGCTCTCTGGTTACTGCCAGTTGAATCTG
N1_320_r_GTATCCTGTA,B16,AATGATACGGCGACCACCGAGATCTACACGTATCCTGTATCTGGTTACTGCCAGTTGAATCTG
N1_769_r_GACATTGTGG,B17,AATGATACGGCGACCACCGAGATCTACACGACATTGTGGTCTGGTTACTGCCAGTTGAATCTG
N1_292_r_AGATGTGTCG,B18,AATGATACGGCGACCACCGAGATCTACACAGATGTGTCGTCTGGTTACTGCCAGTTGAATCTG
N1_721_r_GACTTAGTTC,B19,AATGATACGGCGACCACCGAGATCTACACGACTTAGTTCTCTGGTTACTGCCAGTTGAATCTG
N1_1363_r_CGAACTGAAT,B20,AATGATACGGCGACCACCGAGATCTACACCGAACTGAATTCTGGTTACTGCCAGTTGAATCTG
N1_1139_r_CGTGAACAAT,B21,AATGATACGGCGACCACCGAGATCTACACCGTGAACAATTCTGGTTACTGCCAGTTGAATCTG
N1_1017_r_GTACACTGGA,B22,AATGATACGGCGACCACCGAGATCTACACGTACACTGGATCTGGTTACTGCCAGTTGAATCTG
N1_1325_r_CCACTTACGA,B23,AATGATACGGCGACCACCGAGATCTACACCCACTTACGATCTGGTTACTGCCAGTTGAATCTG
N1_1408_r_CTTGACTCCA,B24,AATGATACGGCGACCACCGAGATCTACACCTTGACTCCATCTGGTTACTGCCAGTTGAATCTG
N1_69_r_ACGAGTGATG,C1,AATGATACGGCGACCACCGAGATCTACACACGAGTGATGTCTGGTTACTGCCAGTTGAATCTG
N1_1515_r_CGAGAATTCC,C2,AATGATACGGCGACCACCGAGATCTACACCGAGAATTCCTCTGGTTACTGCCAGTTGAATCTG
N1_89_r_AAGAGAATCG,C3,AATGATACGGCGACCACCGAGATCTACACAAGAGAATCGTCTGGTTACTGCCAGTTGAATCTG
N1_701_r_CGTGTGTAAG,C4,AATGATACGGCGACCACCGAGATCTACACCGTGTGTAAGTCTGGTTACTGCCAGTTGAATCTG
N1_1460_r_TCGCTTCATT,C5,AATGATACGGCGACCACCGAGATCTACACTCGCTTCATTTCTGGTTACTGCCAGTTGAATCTG
N1_92_r_CCGAGTGCAA,C6,AATGATACGGCGACCACCGAGATCTACACCCGAGTGCAATCTGGTTACTGCCAGTTGAATCTG
N1_484_r_ATAGTGCGTC,C7,AATGATACGGCGACCACCGAGATCTACACATAGTGCGTCTCTGGTTACTGCCAGTTGAATCTG
N1_950_r_ACACTCGCGT,C8,AATGATACGGCGACCACCGAGATCTACACACACTCGCGTTCTGGTTACTGCCAGTTGAATCTG
N1_1267_r_TGCCATACAA,C9,AATGATACGGCGACCACCGAGATCTACACTGCCATACAATCTGGTTACTGCCAGTTGAATCTG
N1_174_r_ACGTCTACGT,C10,AATGATACGGCGACCACCGAGATCTACACACGTCTACGTTCTGGTTACTGCCAGTTGAATCTG
N1_457_r_GTCGTGCGAT,C11,AATGATACGGCGACCACCGAGATCTACACGTCGTGCGATTCTGGTTACTGCCAGTTGAATCTG
N1_590_r_TAAGAATCGG,C12,AATGATACGGCGACCACCGAGATCTACACTAAGAATCGGTCTGGTTACTGCCAGTTGAATCTG
N1_977_r_ACAGATTCCG,C13,AATGATACGGCGACCACCGAGATCTACACACAGATTCCGTCTGGTTACTGCCAGTTGAATCTG
N1_772_r_TGTAAGTGCT,C14,AATGATACGGCGACCACCGAGATCTACACTGTAAGTGCTTCTGGTTACTGCCAGTTGAATCTG
N1_1266_r_CACTTATTCC,C15,AATGATACGGCGACCACCGAGATCTACACCACTTATTCCTCTGGTTACTGCCAGTTGAATCTG
N1_1279_r_ACACAGACTC,C16,AATGATACGGCGACCACCGAGATCTACACACACAGACTCTCTGGTTACTGCCAGTTGAATCTG
N1_359_r_CTTAAGGCAT,C17,AATGATACGGCGACCACCGAGATCTACACCTTAAGGCATTCTGGTTACTGCCAGTTGAATCTG
N1_818_r_GCGGTATAGC,C18,AATGATACGGCGACCACCGAGATCTACACGCGGTATAGCTCTGGTTACTGCCAGTTGAATCTG
N1_695_r_TTCAACTTCC,C19,AATGATACGGCGACCACCGAGATCTACACTTCAACTTCCTCTGGTTACTGCCAGTTGAATCTG
N1_1327_r_CTGACGTTAA,C20,AATGATACGGCGACCACCGAGATCTACACCTGACGTTAATCTGGTTACTGCCAGTTGAATCTG
N1_230_r_TATGAGATCG,C21,AATGATACGGCGACCACCGAGATCTACACTATGAGATCGTCTGGTTACTGCCAGTTGAATCTG
N1_612_r_ATGGATGCCT,C22,AATGATACGGCGACCACCGAGATCTACACATGGATGCCTTCTGGTTACTGCCAGTTGAATCTG
N1_384_r_CGTATCTCTC,C23,AATGATACGGCGACCACCGAGATCTACACCGTATCTCTCTCTGGTTACTGCCAGTTGAATCTG
N1_893_r_GCGCAACCTA,C24,AATGATACGGCGACCACCGAGATCTACACGCGCAACCTATCTGGTTACTGCCAGTTGAATCTG
N1_1081_r_ACCTCTCGGA,D1,AATGATACGGCGACCACCGAGATCTACACACCTCTCGGATCTGGTTACTGCCAGTTGAATCTG
N1_142_r_AGCATGGTAG,D2,AATGATACGGCGACCACCGAGATCTACACAGCATGGTAGTCTGGTTACTGCCAGTTGAATCTG
N1_413_r_ACGTCGTCCT,D3,AATGATACGGCGACCACCGAGATCTACACACGTCGTCCTTCTGGTTACTGCCAGTTGAATCTG
N1_1342_r_CTCCTGAACA,D4,AATGATACGGCGACCACCGAGATCTACACCTCCTGAACATCTGGTTACTGCCAGTTGAATCTG
N1_712_r_GCCATAAGAC,D5,AATGATACGGCGACCACCGAGATCTACACGCCATAAGACTCTGGTTACTGCCAGTTGAATCTG
N1_430_r_ATGCGTGGAC,D6,AATGATACGGCGACCACCGAGATCTACACATGCGTGGACTCTGGTTACTGCCAGTTGAATCTG
N1_1056_r_AGTACTGAAC,D7,AATGATACGGCGACCACCGAGATCTACACAGTACTGAACTCTGGTTACTGCCAGTTGAATCTG
N1_674_r_GCGAACTGTC,D8,AATGATACGGCGACCACCGAGATCTACACGCGAACTGTCTCTGGTTACTGCCAGTTGAATCTG
N1_661_r_CGGACTAGAA,D9,AATGATACGGCGACCACCGAGATCTACACCGGACTAGAATCTGGTTACTGCCAGTTGAATCTG
N1_1334_r_GTTCCGCTAA,D10,AATGATACGGCGACCACCGAGATCTACACGTTCCGCTAATCTGGTTACTGCCAGTTGAATCTG
N1_989_r_AGGCGGAGAT,D11,AATGATACGGCGACCACCGAGATCTACACAGGCGGAGATTCTGGTTACTGCCAGTTGAATCTG
N1_70_r_TATTGGTGTC,D12,AATGATACGGCGACCACCGAGATCTACACTATTGGTGTCTCTGGTTACTGCCAGTTGAATCTG
N1_25_r_GTGAACATTC,D13,AATGATACGGCGACCACCGAGATCTACACGTGAACATTCTCTGGTTACTGCCAGTTGAATCTG
N1_1438_r_TAGCACATTG,D14,AATGATACGGCGACCACCGAGATCTACACTAGCACATTGTCTGGTTACTGCCAGTTGAATCTG
N1_1416_r_TGAAGACCAA,D15,AATGATACGGCGACCACCGAGATCTACACTGAAGACCAATCTGGTTACTGCCAGTTGAATCTG
N1_904_r_GTAACGCATC,D16,AATGATACGGCGACCACCGAGATCTACACGTAACGCATCTCTGGTTACTGCCAGTTGAATCTG
N1_1232_r_CACAGTTAAG,D17,AATGATACGGCGACCACCGAGATCTACACCACAGTTAAGTCTGGTTACTGCCAGTTGAATCTG
N1_564_r_AAGCAACTAC,D18,AATGATACGGCGACCACCGAGATCTACACAAGCAACTACTCTGGTTACTGCCAGTTGAATCTG
N1_1455_r_GAATTCCTCC,D19,AATGATACGGCGACCACCGAGATCTACACGAATTCCTCCTCTGGTTACTGCCAGTTGAATCTG
N1_1473_r_CGAGCAGTTC,D20,AATGATACGGCGACCACCGAGATCTACACCGAGCAGTTCTCTGGTTACTGCCAGTTGAATCTG
N1_1296_r_CATGTCAGTC,D21,AATGATACGGCGACCACCGAGATCTACACCATGTCAGTCTCTGGTTACTGCCAGTTGAATCTG
N1_538_r_CTGGAACCAA,D22,AATGATACGGCGACCACCGAGATCTACACCTGGAACCAATCTGGTTACTGCCAGTTGAATCTG
N1_246_r_CCATGGTACC,D23,AATGATACGGCGACCACCGAGATCTACACCCATGGTACCTCTGGTTACTGCCAGTTGAATCTG
N1_1235_r_GTCTTGTAAG,D24,AATGATACGGCGACCACCGAGATCTACACGTCTTGTAAGTCTGGTTACTGCCAGTTGAATCTG
N1_1074_r_GGTAATTCTC,E1,AATGATACGGCGACCACCGAGATCTACACGGTAATTCTCTCTGGTTACTGCCAGTTGAATCTG
N1_1446_r_CACTGACTGG,E2,AATGATACGGCGACCACCGAGATCTACACCACTGACTGGTCTGGTTACTGCCAGTTGAATCTG
N1_958_r_ACAACTTGCT,E3,AATGATACGGCGACCACCGAGATCTACACACAACTTGCTTCTGGTTACTGCCAGTTGAATCTG
N1_449_r_GACGCATCTG,E4,AATGATACGGCGACCACCGAGATCTACACGACGCATCTGTCTGGTTACTGCCAGTTGAATCTG
N1_1290_r_TTACTGAGTC,E5,AATGATACGGCGACCACCGAGATCTACACTTACTGAGTCTCTGGTTACTGCCAGTTGAATCTG
N1_345_r_ACACTGTGGT,E6,AATGATACGGCGACCACCGAGATCTACACACACTGTGGTTCTGGTTACTGCCAGTTGAATCTG
N1_505_r_GCGAAGAGAG,E7,AATGATACGGCGACCACCGAGATCTACACGCGAAGAGAGTCTGGTTACTGCCAGTTGAATCTG
N1_961_r_GTACGGAATC,E8,AATGATACGGCGACCACCGAGATCTACACGTACGGAATCTCTGGTTACTGCCAGTTGAATCTG
N1_294_r_TGCTGTGAGT,E9,AATGATACGGCGACCACCGAGATCTACACTGCTGTGAGTTCTGGTTACTGCCAGTTGAATCTG
N1_323_r_ACAGACCGTG,E10,AATGATACGGCGACCACCGAGATCTACACACAGACCGTGTCTGGTTACTGCCAGTTGAATCTG
N1_985_r_CCGGATTCTA,E11,AATGATACGGCGACCACCGAGATCTACACCCGGATTCTATCTGGTTACTGCCAGTTGAATCTG
N1_685_r_GAGGAATTGC,E12,AATGATACGGCGACCACCGAGATCTACACGAGGAATTGCTCTGGTTACTGCCAGTTGAATCTG
N1_1245_r_TATCCAGTTG,E13,AATGATACGGCGACCACCGAGATCTACACTATCCAGTTGTCTGGTTACTGCCAGTTGAATCTG
N1_530_r_ATTGTCCGTG,E14,AATGATACGGCGACCACCGAGATCTACACATTGTCCGTGTCTGGTTACTGCCAGTTGAATCTG
N1_912_r_GCCATCTACG,E15,AATGATACGGCGACCACCGAGATCTACACGCCATCTACGTCTGGTTACTGCCAGTTGAATCTG
N1_892_r_TTCTGGTAGG,E16,AATGATACGGCGACCACCGAGATCTACACTTCTGGTAGGTCTGGTTACTGCCAGTTGAATCTG
N1_239_r_TAGGCCTCAC,E17,AATGATACGGCGACCACCGAGATCTACACTAGGCCTCACTCTGGTTACTGCCAGTTGAATCTG
N1_223_r_CTTAGGTCAA,E18,AATGATACGGCGACCACCGAGATCTACACCTTAGGTCAATCTGGTTACTGCCAGTTGAATCTG
N1_822_r_TCGACGATGT,E19,AATGATACGGCGACCACCGAGATCTACACTCGACGATGTTCTGGTTACTGCCAGTTGAATCTG
N1_153_r_TGGTCTATCG,E20,AATGATACGGCGACCACCGAGATCTACACTGGTCTATCGTCTGGTTACTGCCAGTTGAATCTG
N1_405_r_GTGTGTTAAC,E21,AATGATACGGCGACCACCGAGATCTACACGTGTGTTAACTCTGGTTACTGCCAGTTGAATCTG
N1_240_r_CCAGGAGTGT,E22,AATGATACGGCGACCACCGAGATCTACACCCAGGAGTGTTCTGGTTACTGCCAGTTGAATCTG
N1_1024_r_GTACCAAGTC,E23,AATGATACGGCGACCACCGAGATCTACACGTACCAAGTCTCTGGTTACTGCCAGTTGAATCTG
N1_308_r_GCGAACGGAT,E24,AATGATACGGCGACCACCGAGATCTACACGCGAACGGATTCTGGTTACTGCCAGTTGAATCTG
N1_68_r_GTGGCATCCA,F1,AATGATACGGCGACCACCGAGATCTACACGTGGCATCCATCTGGTTACTGCCAGTTGAATCTG
N1_431_r_TTGCGGAAGT,F2,AATGATACGGCGACCACCGAGATCTACACTTGCGGAAGTTCTGGTTACTGCCAGTTGAATCTG
N1_227_r_AAGCACGATC,F3,AATGATACGGCGACCACCGAGATCTACACAAGCACGATCTCTGGTTACTGCCAGTTGAATCTG
N1_1077_r_TGTACCATGG,F4,AATGATACGGCGACCACCGAGATCTACACTGTACCATGGTCTGGTTACTGCCAGTTGAATCTG
N1_20_r_CCACATCGGA,F5,AATGATACGGCGACCACCGAGATCTACACCCACATCGGATCTGGTTACTGCCAGTTGAATCTG
N1_1524_r_TCGTTGACAC,F6,AATGATACGGCGACCACCGAGATCTACACTCGTTGACACTCTGGTTACTGCCAGTTGAATCTG
N1_608_r_GGACCATACA,F7,AATGATACGGCGACCACCGAGATCTACACGGACCATACATCTGGTTACTGCCAGTTGAATCTG
N1_125_r_AGTGCATATC,F8,AATGATACGGCGACCACCGAGATCTACACAGTGCATATCTCTGGTTACTGCCAGTTGAATCTG
N1_1054_r_GACTTACGCC,F9,AATGATACGGCGACCACCGAGATCTACACGACTTACGCCTCTGGTTACTGCCAGTTGAATCTG
N1_212_r_CCGTGGATCA,F10,AATGATACGGCGACCACCGAGATCTACACCCGTGGATCATCTGGTTACTGCCAGTTGAATCTG
N1_1050_r_GGACTAGTAT,F11,AATGATACGGCGACCACCGAGATCTACACGGACTAGTATTCTGGTTACTGCCAGTTGAATCTG
N1_1093_r_CAACGACATA,F12,AATGATACGGCGACCACCGAGATCTACACCAACGACATATCTGGTTACTGCCAGTTGAATCTG
N1_1531_r_ATCCATGATG,F13,AATGATACGGCGACCACCGAGATCTACACATCCATGATGTCTGGTTACTGCCAGTTGAATCTG
N1_325_r_GTCTAGATGT,F14,AATGATACGGCGACCACCGAGATCTACACGTCTAGATGTTCTGGTTACTGCCAGTTGAATCTG
N1_1253_r_ACACTATCAC,F15,AATGATACGGCGACCACCGAGATCTACACACACTATCACTCTGGTTACTGCCAGTTGAATCTG
N1_65_r_GAAGCTTGTA,F16,AATGATACGGCGACCACCGAGATCTACACGAAGCTTGTATCTGGTTACTGCCAGTTGAATCTG
N1_1275_r_CAATAGCTCC,F17,AATGATACGGCGACCACCGAGATCTACACCAATAGCTCCTCTGGTTACTGCCAGTTGAATCTG
N1_164_r_CGTTGTCGAG,F18,AATGATACGGCGACCACCGAGATCTACACCGTTGTCGAGTCTGGTTACTGCCAGTTGAATCTG
N1_495_r_GTGATCTTAC,F19,AATGATACGGCGACCACCGAGATCTACACGTGATCTTACTCTGGTTACTGCCAGTTGAATCTG
N1_894_r_AACGCGGACA,F20,AATGATACGGCGACCACCGAGATCTACACAACGCGGACATCTGGTTACTGCCAGTTGAATCTG
N1_805_r_TGTCGATGAT,F21,AATGATACGGCGACCACCGAGATCTACACTGTCGATGATTCTGGTTACTGCCAGTTGAATCTG
N1_90_r_CAGGTAAGAT,F22,AATGATACGGCGACCACCGAGATCTACACCAGGTAAGATTCTGGTTACTGCCAGTTGAATCTG
N1_1001_r_GAACGCCAAT,F23,AATGATACGGCGACCACCGAGATCTACACGAACGCCAATTCTGGTTACTGCCAGTTGAATCTG
N1_1246_r_CATTCACGAA,F24,AATGATACGGCGACCACCGAGATCTACACCATTCACGAATCTGGTTACTGCCAGTTGAATCTG
N1_594_r_AGCTAATGGA,G1,AATGATACGGCGACCACCGAGATCTACACAGCTAATGGATCTGGTTACTGCCAGTTGAATCTG
N1_566_r_TAGAGAGTAG,G2,AATGATACGGCGACCACCGAGATCTACACTAGAGAGTAGTCTGGTTACTGCCAGTTGAATCTG
N1_1199_r_CACTTCCTGT,G3,AATGATACGGCGACCACCGAGATCTACACCACTTCCTGTTCTGGTTACTGCCAGTTGAATCTG
N1_259_r_ACAAGTCTTG,G4,AATGATACGGCGACCACCGAGATCTACACACAAGTCTTGTCTGGTTACTGCCAGTTGAATCTG
N1_651_r_TTAGCAGTGT,G5,AATGATACGGCGACCACCGAGATCTACACTTAGCAGTGTTCTGGTTACTGCCAGTTGAATCTG
N1_702_r_GCGGTTAACT,G6,AATGATACGGCGACCACCGAGATCTACACGCGGTTAACTTCTGGTTACTGCCAGTTGAATCTG
N1_476_r_TCTGGTCTAA,G7,AATGATACGGCGACCACCGAGATCTACACTCTGGTCTAATCTGGTTACTGCCAGTTGAATCTG
N1_584_r_GACGGAAGAA,G8,AATGATACGGCGACCACCGAGATCTACACGACGGAAGAATCTGGTTACTGCCAGTTGAATCTG
N1_1522_r_TCCAAGGTAC,G9,AATGATACGGCGACCACCGAGATCTACACTCCAAGGTACTCTGGTTACTGCCAGTTGAATCTG
N1_19_r_AACGGTCAAT,G10,AATGATACGGCGACCACCGAGATCTACACAACGGTCAATTCTGGTTACTGCCAGTTGAATCTG
N1_1147_r_CTACTGCATT,G11,AATGATACGGCGACCACCGAGATCTACACCTACTGCATTTCTGGTTACTGCCAGTTGAATCTG
N1_122_r_CAAGTCGAGT,G12,AATGATACGGCGACCACCGAGATCTACACCAAGTCGAGTTCTGGTTACTGCCAGTTGAATCTG
N1_475_r_GCTGTTGTTA,G13,AATGATACGGCGACCACCGAGATCTACACGCTGTTGTTATCTGGTTACTGCCAGTTGAATCTG
N1_1039_r_ATTGCATGCT,G14,AATGATACGGCGACCACCGAGATCTACACATTGCATGCTTCTGGTTACTGCCAGTTGAATCTG
N1_468_r_ATGGACGTTC,G15,AATGATACGGCGACCACCGAGATCTACACATGGACGTTCTCTGGTTACTGCCAGTTGAATCTG
N1_1303_r_CGAATAAGAG,G16,AATGATACGGCGACCACCGAGATCTACACCGAATAAGAGTCTGGTTACTGCCAGTTGAATCTG
N1_421_r_TGCACTCGAA,G17,AATGATACGGCGACCACCGAGATCTACACTGCACTCGAATCTGGTTACTGCCAGTTGAATCTG
N1_1282_r_AGTCACATGC,G18,AATGATACGGCGACCACCGAGATCTACACAGTCACATGCTCTGGTTACTGCCAGTTGAATCTG
N1_26_r_TGTTCGGCAA,G19,AATGATACGGCGACCACCGAGATCTACACTGTTCGGCAATCTGGTTACTGCCAGTTGAATCTG
N1_157_r_GTTCCTGGTC,G20,AATGATACGGCGACCACCGAGATCTACACGTTCCTGGTCTCTGGTTACTGCCAGTTGAATCTG
N1_1401_r_TCACATGGCC,G21,AATGATACGGCGACCACCGAGATCTACACTCACATGGCCTCTGGTTACTGCCAGTTGAATCTG
N1_1432_r_CATAGCGTAT,G22,AATGATACGGCGACCACCGAGATCTACACCATAGCGTATTCTGGTTACTGCCAGTTGAATCTG
N1_1281_r_GCATTGACAT,G23,AATGATACGGCGACCACCGAGATCTACACGCATTGACATTCTGGTTACTGCCAGTTGAATCTG
N1_228_r_CCAGGTACTA,G24,AATGATACGGCGACCACCGAGATCTACACCCAGGTACTATCTGGTTACTGCCAGTTGAATCTG
N1_61_r_CCGTGTTGTA,H1,AATGATACGGCGACCACCGAGATCTACACCCGTGTTGTATCTGGTTACTGCCAGTTGAATCTG
N1_299_r_ATACGTACTG,H2,AATGATACGGCGACCACCGAGATCTACACATACGTACTGTCTGGTTACTGCCAGTTGAATCTG
N1_1320_r_AACCGATCGT,H3,AATGATACGGCGACCACCGAGATCTACACAACCGATCGTTCTGGTTACTGCCAGTTGAATCTG
N1_1274_r_AGGACTTAGC,H4,AATGATACGGCGACCACCGAGATCTACACAGGACTTAGCTCTGGTTACTGCCAGTTGAATCTG
N1_574_r_ACGTCCTAGA,H5,AATGATACGGCGACCACCGAGATCTACACACGTCCTAGATCTGGTTACTGCCAGTTGAATCTG
N1_1353_r_CGTACTCGAC,H6,AATGATACGGCGACCACCGAGATCTACACCGTACTCGACTCTGGTTACTGCCAGTTGAATCTG
N1_1130_r_TACGACATAG,H7,AATGATACGGCGACCACCGAGATCTACACTACGACATAGTCTGGTTACTGCCAGTTGAATCTG
N1_896_r_AACGTAGCGA,H8,AATGATACGGCGACCACCGAGATCTACACAACGTAGCGATCTGGTTACTGCCAGTTGAATCTG
N1_14_r_ATCATGACGT,H9,AATGATACGGCGACCACCGAGATCTACACATCATGACGTTCTGGTTACTGCCAGTTGAATCTG
N1_436_r_GGTAGATACC,H10,AATGATACGGCGACCACCGAGATCTACACGGTAGATACCTCTGGTTACTGCCAGTTGAATCTG
N1_831_r_AAGGCAACCT,H11,AATGATACGGCGACCACCGAGATCTACACAAGGCAACCTTCTGGTTACTGCCAGTTGAATCTG
N1_1154_r_AGCATCCATT,H12,AATGATACGGCGACCACCGAGATCTACACAGCATCCATTTCTGGTTACTGCCAGTTGAATCTG
N1_869_r_TCGAGGCTAT,H13,AATGATACGGCGACCACCGAGATCTACACTCGAGGCTATTCTGGTTACTGCCAGTTGAATCTG
N1_1226_r_ACTTAGACAC,H14,AATGATACGGCGACCACCGAGATCTACACACTTAGACACTCTGGTTACTGCCAGTTGAATCTG
N1_1143_r_ATGCTCACAG,H15,AATGATACGGCGACCACCGAGATCTACACATGCTCACAGTCTGGTTACTGCCAGTTGAATCTG
N1_1278_r_ACAACCTCGA,H16,AATGATACGGCGACCACCGAGATCTACACACAACCTCGATCTGGTTACTGCCAGTTGAATCTG
N1_1015_r_ACACAGGCAA,H17,AATGATACGGCGACCACCGAGATCTACACACACAGGCAATCTGGTTACTGCCAGTTGAATCTG
N1_234_r_ATTGAGCGTA,H18,AATGATACGGCGACCACCGAGATCTACACATTGAGCGTATCTGGTTACTGCCAGTTGAATCTG
N1_319_r_CGTAACGTGG,H19,AATGATACGGCGACCACCGAGATCTACACCGTAACGTGGTCTGGTTACTGCCAGTTGAATCTG
N1_918_r_CCTTCGAAGA,H20,AATGATACGGCGACCACCGAGATCTACACCCTTCGAAGATCTGGTTACTGCCAGTTGAATCTG
N1_926_r_GTGGAGCTAA,H21,AATGATACGGCGACCACCGAGATCTACACGTGGAGCTAATCTGGTTACTGCCAGTTGAATCTG
N1_561_r_AGCTAGTGAT,H22,AATGATACGGCGACCACCGAGATCTACACAGCTAGTGATTCTGGTTACTGCCAGTTGAATCTG
N1_416_r_CGGATCTTGC,H23,AATGATACGGCGACCACCGAGATCTACACCGGATCTTGCTCTGGTTACTGCCAGTTGAATCTG
N1_535_r_GGAAGCGAAC,H24,AATGATACGGCGACCACCGAGATCTACACGGAAGCGAACTCTGGTTACTGCCAGTTGAATCTG
N1_262_r_AGGAAGGCCT,I1,AATGATACGGCGACCACCGAGATCTACACAGGAAGGCCTTCTGGTTACTGCCAGTTGAATCTG
N1_1499_r_GAGAGTTACA,I2,AATGATACGGCGACCACCGAGATCTACACGAGAGTTACATCTGGTTACTGCCAGTTGAATCTG
N1_1080_r_ACTCAAGCTT,I3,AATGATACGGCGACCACCGAGATCTACACACTCAAGCTTTCTGGTTACTGCCAGTTGAATCTG
N1_1132_r_AACAACACAC,I4,AATGATACGGCGACCACCGAGATCTACACAACAACACACTCTGGTTACTGCCAGTTGAATCTG
N1_244_r_AGCGACTTGT,I5,AATGATACGGCGACCACCGAGATCTACACAGCGACTTGTTCTGGTTACTGCCAGTTGAATCTG
N1_617_r_GCCTTGGAAT,I6,AATGATACGGCGACCACCGAGATCTACACGCCTTGGAATTCTGGTTACTGCCAGTTGAATCTG
N1_241_r_AGGCTTGGAG,I7,AATGATACGGCGACCACCGAGATCTACACAGGCTTGGAGTCTGGTTACTGCCAGTTGAATCTG
N1_312_r_GACGAACGTT,I8,AATGATACGGCGACCACCGAGATCTACACGACGAACGTTTCTGGTTACTGCCAGTTGAATCTG
N1_396_r_CGGATCGTAG,I9,AATGATACGGCGACCACCGAGATCTACACCGGATCGTAGTCTGGTTACTGCCAGTTGAATCTG
N1_1521_r_GTTCATCAAG,I10,AATGATACGGCGACCACCGAGATCTACACGTTCATCAAGTCTGGTTACTGCCAGTTGAATCTG
N1_1461_r_CCTACCTTCC,I11,AATGATACGGCGACCACCGAGATCTACACCCTACCTTCCTCTGGTTACTGCCAGTTGAATCTG
N1_100_r_GTATGATCAG,I12,AATGATACGGCGACCACCGAGATCTACACGTATGATCAGTCTGGTTACTGCCAGTTGAATCTG
N1_1453_r_GCAACGTCTC,I13,AATGATACGGCGACCACCGAGATCTACACGCAACGTCTCTCTGGTTACTGCCAGTTGAATCTG
N1_66_r_CACGACTGTA,I14,AATGATACGGCGACCACCGAGATCTACACCACGACTGTATCTGGTTACTGCCAGTTGAATCTG
N1_676_r_AAGGCCTCTA,I15,AATGATACGGCGACCACCGAGATCTACACAAGGCCTCTATCTGGTTACTGCCAGTTGAATCTG
N1_306_r_ATCTCTAGGT,I16,AATGATACGGCGACCACCGAGATCTACACATCTCTAGGTTCTGGTTACTGCCAGTTGAATCTG
N1_963_r_TTAGACGCCA,I17,AATGATACGGCGACCACCGAGATCTACACTTAGACGCCATCTGGTTACTGCCAGTTGAATCTG
N1_1031_r_CATCTGCTCG,I18,AATGATACGGCGACCACCGAGATCTACACCATCTGCTCGTCTGGTTACTGCCAGTTGAATCTG
N1_1171_r_CATCATAGAG,I19,AATGATACGGCGACCACCGAGATCTACACCATCATAGAGTCTGGTTACTGCCAGTTGAATCTG
N1_1469_r_AGTTCCTGAC,I20,AATGATACGGCGACCACCGAGATCTACACAGTTCCTGACTCTGGTTACTGCCAGTTGAATCTG
N1_140_r_TTAGAGCTTC,I21,AATGATACGGCGACCACCGAGATCTACACTTAGAGCTTCTCTGGTTACTGCCAGTTGAATCTG
N1_817_r_AGCACGTATA,I22,AATGATACGGCGACCACCGAGATCTACACAGCACGTATATCTGGTTACTGCCAGTTGAATCTG
N1_329_r_CAACACGGTC,I23,AATGATACGGCGACCACCGAGATCTACACCAACACGGTCTCTGGTTACTGCCAGTTGAATCTG
N1_277_r_GGATCTAACC,I24,AATGATACGGCGACCACCGAGATCTACACGGATCTAACCTCTGGTTACTGCCAGTTGAATCTG
N1_746_r_AGTGCAAGGC,J1,AATGATACGGCGACCACCGAGATCTACACAGTGCAAGGCTCTGGTTACTGCCAGTTGAATCTG
N1_1127_r_ACGACAGGAT,J2,AATGATACGGCGACCACCGAGATCTACACACGACAGGATTCTGGTTACTGCCAGTTGAATCTG
N1_599_r_ACGAGTCCGA,J3,AATGATACGGCGACCACCGAGATCTACACACGAGTCCGATCTGGTTACTGCCAGTTGAATCTG
N1_793_r_GACGTGATCA,J4,AATGATACGGCGACCACCGAGATCTACACGACGTGATCATCTGGTTACTGCCAGTTGAATCTG
N1_1440_r_TGAGGAGTCA,J5,AATGATACGGCGACCACCGAGATCTACACTGAGGAGTCATCTGGTTACTGCCAGTTGAATCTG
N1_407_r_CGCCATAATT,J6,AATGATACGGCGACCACCGAGATCTACACCGCCATAATTTCTGGTTACTGCCAGTTGAATCTG
N1_23_r_TTCAACCGTG,J7,AATGATACGGCGACCACCGAGATCTACACTTCAACCGTGTCTGGTTACTGCCAGTTGAATCTG
N1_1496_r_GCATCTTAGC,J8,AATGATACGGCGACCACCGAGATCTACACGCATCTTAGCTCTGGTTACTGCCAGTTGAATCTG
N1_804_r_TGACTCGAGT,J9,AATGATACGGCGACCACCGAGATCTACACTGACTCGAGTTCTGGTTACTGCCAGTTGAATCTG
N1_1310_r_AGAAGCATTC,J10,AATGATACGGCGACCACCGAGATCTACACAGAAGCATTCTCTGGTTACTGCCAGTTGAATCTG
N1_54_r_ATGTCGAGAG,J11,AATGATACGGCGACCACCGAGATCTACACATGTCGAGAGTCTGGTTACTGCCAGTTGAATCTG
N1_357_r_TGAAGAGTGG,J12,AATGATACGGCGACCACCGAGATCTACACTGAAGAGTGGTCTGGTTACTGCCAGTTGAATCTG
N1_73_r_ACGGAATAAC,J13,AATGATACGGCGACCACCGAGATCTACACACGGAATAACTCTGGTTACTGCCAGTTGAATCTG
N1_385_r_CCATCGCTAA,J14,AATGATACGGCGACCACCGAGATCTACACCCATCGCTAATCTGGTTACTGCCAGTTGAATCTG
N1_506_r_TCCAGTAGAC,J15,AATGATACGGCGACCACCGAGATCTACACTCCAGTAGACTCTGGTTACTGCCAGTTGAATCTG
N1_1328_r_CTATTGGACT,J16,AATGATACGGCGACCACCGAGATCTACACCTATTGGACTTCTGGTTACTGCCAGTTGAATCTG
N1_581_r_GGAATGGAGT,J17,AATGATACGGCGACCACCGAGATCTACACGGAATGGAGTTCTGGTTACTGCCAGTTGAATCTG
N1_787_r_GACACGGTAT,J18,AATGATACGGCGACCACCGAGATCTACACGACACGGTATTCTGGTTACTGCCAGTTGAATCTG
N1_1085_r_CGCAATGCAT,J19,AATGATACGGCGACCACCGAGATCTACACCGCAATGCATTCTGGTTACTGCCAGTTGAATCTG
N1_622_r_GCATAGATCC,J20,AATGATACGGCGACCACCGAGATCTACACGCATAGATCCTCTGGTTACTGCCAGTTGAATCTG
N1_28_r_CGGTATGGAG,J21,AATGATACGGCGACCACCGAGATCTACACCGGTATGGAGTCTGGTTACTGCCAGTTGAATCTG
N1_887_r_GAGTAGCCTC,J22,AATGATACGGCGACCACCGAGATCTACACGAGTAGCCTCTCTGGTTACTGCCAGTTGAATCTG
N1_845_r_TAGATCGCAA,J23,AATGATACGGCGACCACCGAGATCTACACTAGATCGCAATCTGGTTACTGCCAGTTGAATCTG
N1_655_r_GATCTGAGGA,J24,AATGATACGGCGACCACCGAGATCTACACGATCTGAGGATCTGGTTACTGCCAGTTGAATCTG
N1_708_r_TCAAGCGGTA,K1,AATGATACGGCGACCACCGAGATCTACACTCAAGCGGTATCTGGTTACTGCCAGTTGAATCTG
N1_852_r_GCCTACAGGA,K2,AATGATACGGCGACCACCGAGATCTACACGCCTACAGGATCTGGTTACTGCCAGTTGAATCTG
N1_874_r_CTAGAGGTCG,K3,AATGATACGGCGACCACCGAGATCTACACCTAGAGGTCGTCTGGTTACTGCCAGTTGAATCTG
N1_437_r_CGGACTTCAT,K4,AATGATACGGCGACCACCGAGATCTACACCGGACTTCATTCTGGTTACTGCCAGTTGAATCTG
N1_642_r_GGCTTAGGTA,K5,AATGATACGGCGACCACCGAGATCTACACGGCTTAGGTATCTGGTTACTGCCAGTTGAATCTG
N1_1263_r_AGCCAAGTTA,K6,AATGATACGGCGACCACCGAGATCTACACAGCCAAGTTATCTGGTTACTGCCAGTTGAATCTG
N1_1078_r_CGGTTGCCTT,K7,AATGATACGGCGACCACCGAGATCTACACCGGTTGCCTTTCTGGTTACTGCCAGTTGAATCTG
N1_775_r_GAGGCTATCT,K8,AATGATACGGCGACCACCGAGATCTACACGAGGCTATCTTCTGGTTACTGCCAGTTGAATCTG
N1_1098_r_CGAGATTCGA,K9,AATGATACGGCGACCACCGAGATCTACACCGAGATTCGATCTGGTTACTGCCAGTTGAATCTG
N1_1163_r_GTTGGCCTAA,K10,AATGATACGGCGACCACCGAGATCTACACGTTGGCCTAATCTGGTTACTGCCAGTTGAATCTG
N1_1175_r_CATGAAGTAC,K11,AATGATACGGCGACCACCGAGATCTACACCATGAAGTACTCTGGTTACTGCCAGTTGAATCTG
N1_248_r_CACGAGTCTC,K12,AATGATACGGCGACCACCGAGATCTACACCACGAGTCTCTCTGGTTACTGCCAGTTGAATCTG
N1_291_r_AGTCGGACAC,K13,AATGATACGGCGACCACCGAGATCTACACAGTCGGACACTCTGGTTACTGCCAGTTGAATCTG
N1_150_r_GGCTTGATCC,K14,AATGATACGGCGACCACCGAGATCTACACGGCTTGATCCTCTGGTTACTGCCAGTTGAATCTG
N1_381_r_CATGGAGCCA,K15,AATGATACGGCGACCACCGAGATCTACACCATGGAGCCATCTGGTTACTGCCAGTTGAATCTG
N1_387_r_ACGCTGCTTC,K16,AATGATACGGCGACCACCGAGATCTACACACGCTGCTTCTCTGGTTACTGCCAGTTGAATCTG
N1_45_r_GGCAATCTTG,K17,AATGATACGGCGACCACCGAGATCTACACGGCAATCTTGTCTGGTTACTGCCAGTTGAATCTG
N1_1168_r_GTTGAGCAAT,K18,AATGATACGGCGACCACCGAGATCTACACGTTGAGCAATTCTGGTTACTGCCAGTTGAATCTG
N1_1044_r_ACCAGTGGAT,K19,AATGATACGGCGACCACCGAGATCTACACACCAGTGGATTCTGGTTACTGCCAGTTGAATCTG
N1_1520_r_AACTGAACTG,K20,AATGATACGGCGACCACCGAGATCTACACAACTGAACTGTCTGGTTACTGCCAGTTGAATCTG
N1_117_r_ACGGATTGGA,K21,AATGATACGGCGACCACCGAGATCTACACACGGATTGGATCTGGTTACTGCCAGTTGAATCTG
N1_919_r_TGTGAACCTT,K22,AATGATACGGCGACCACCGAGATCTACACTGTGAACCTTTCTGGTTACTGCCAGTTGAATCTG
N1_311_r_GAGACGATCA,K23,AATGATACGGCGACCACCGAGATCTACACGAGACGATCATCTGGTTACTGCCAGTTGAATCTG
N1_260_r_CCGTATCTAA,K24,AATGATACGGCGACCACCGAGATCTACACCCGTATCTAATCTGGTTACTGCCAGTTGAATCTG
N1_1053_r_TAGTGACTAC,L1,AATGATACGGCGACCACCGAGATCTACACTAGTGACTACTCTGGTTACTGCCAGTTGAATCTG
N1_121_r_CAGATCTACC,L2,AATGATACGGCGACCACCGAGATCTACACCAGATCTACCTCTGGTTACTGCCAGTTGAATCTG
N1_120_r_CGTCGTAGTC,L3,AATGATACGGCGACCACCGAGATCTACACCGTCGTAGTCTCTGGTTACTGCCAGTTGAATCTG
N1_823_r_TTGACGGTTG,L4,AATGATACGGCGACCACCGAGATCTACACTTGACGGTTGTCTGGTTACTGCCAGTTGAATCTG
N1_653_r_GATATAGACC,L5,AATGATACGGCGACCACCGAGATCTACACGATATAGACCTCTGGTTACTGCCAGTTGAATCTG
N1_76_r_CGGAGCGATT,L6,AATGATACGGCGACCACCGAGATCTACACCGGAGCGATTTCTGGTTACTGCCAGTTGAATCTG
N1_687_r_GGCTTCCTAT,L7,AATGATACGGCGACCACCGAGATCTACACGGCTTCCTATTCTGGTTACTGCCAGTTGAATCTG
N1_1255_r_TATAGACCTG,L8,AATGATACGGCGACCACCGAGATCTACACTATAGACCTGTCTGGTTACTGCCAGTTGAATCTG
N1_1051_r_TAGTGTAAGC,L9,AATGATACGGCGACCACCGAGATCTACACTAGTGTAAGCTCTGGTTACTGCCAGTTGAATCTG
N1_1254_r_ACCTTCCTTG,L10,AATGATACGGCGACCACCGAGATCTACACACCTTCCTTGTCTGGTTACTGCCAGTTGAATCTG
N1_791_r_TATCGCTTCC,L11,AATGATACGGCGACCACCGAGATCTACACTATCGCTTCCTCTGGTTACTGCCAGTTGAATCTG
N1_480_r_AATGCGGCTA,L12,AATGATACGGCGACCACCGAGATCTACACAATGCGGCTATCTGGTTACTGCCAGTTGAATCTG
N1_1370_r_CGAAGCTCTT,L13,AATGATACGGCGACCACCGAGATCTACACCGAAGCTCTTTCTGGTTACTGCCAGTTGAATCTG
N1_841_r_TGTCTTCAGA,L14,AATGATACGGCGACCACCGAGATCTACACTGTCTTCAGATCTGGTTACTGCCAGTTGAATCTG
N1_235_r_CTAACGGCAC,L15,AATGATACGGCGACCACCGAGATCTACACCTAACGGCACTCTGGTTACTGCCAGTTGAATCTG
N1_764_r_ATTAGAGAGC,L16,AATGATACGGCGACCACCGAGATCTACACATTAGAGAGCTCTGGTTACTGCCAGTTGAATCTG
N1_515_r_ACCTGTAGTC,L17,AATGATACGGCGACCACCGAGATCTACACACCTGTAGTCTCTGGTTACTGCCAGTTGAATCTG
N1_1395_r_GTTATACAGG,L18,AATGATACGGCGACCACCGAGATCTACACGTTATACAGGTCTGGTTACTGCCAGTTGAATCTG
N1_171_r_GTATAGCTCT,L19,AATGATACGGCGACCACCGAGATCTACACGTATAGCTCTTCTGGTTACTGCCAGTTGAATCTG
N1_1533_r_CGTTATGGTT,L20,AATGATACGGCGACCACCGAGATCTACACCGTTATGGTTTCTGGTTACTGCCAGTTGAATCTG
N1_231_r_GAGATCCGTC,L21,AATGATACGGCGACCACCGAGATCTACACGAGATCCGTCTCTGGTTACTGCCAGTTGAATCTG
N1_51_r_CGGAGTGTGT,L22,AATGATACGGCGACCACCGAGATCTACACCGGAGTGTGTTCTGGTTACTGCCAGTTGAATCTG
N1_920_r_CCTGCGCATT,L23,AATGATACGGCGACCACCGAGATCTACACCCTGCGCATTTCTGGTTACTGCCAGTTGAATCTG
N1_669_r_TCCTAGTTGA,L24,AATGATACGGCGACCACCGAGATCTACACTCCTAGTTGATCTGGTTACTGCCAGTTGAATCTG
N1_462_r_TCAGAGCTGT,M1,AATGATACGGCGACCACCGAGATCTACACTCAGAGCTGTTCTGGTTACTGCCAGTTGAATCTG
N1_417_r_TCTCAGCGTG,M2,AATGATACGGCGACCACCGAGATCTACACTCTCAGCGTGTCTGGTTACTGCCAGTTGAATCTG
N1_85_r_CGGTTGTATG,M3,AATGATACGGCGACCACCGAGATCTACACCGGTTGTATGTCTGGTTACTGCCAGTTGAATCTG
N1_799_r_GTAATGGCCA,M4,AATGATACGGCGACCACCGAGATCTACACGTAATGGCCATCTGGTTACTGCCAGTTGAATCTG
N1_731_r_AAGAGGCTGC,M5,AATGATACGGCGACCACCGAGATCTACACAAGAGGCTGCTCTGGTTACTGCCAGTTGAATCTG
N1_1180_r_AACCGAATGC,M6,AATGATACGGCGACCACCGAGATCTACACAACCGAATGCTCTGGTTACTGCCAGTTGAATCTG
N1_346_r_CGGTACCACA,M7,AATGATACGGCGACCACCGAGATCTACACCGGTACCACATCTGGTTACTGCCAGTTGAATCTG
N1_172_r_CCAAGATCCG,M8,AATGATACGGCGACCACCGAGATCTACACCCAAGATCCGTCTGGTTACTGCCAGTTGAATCTG
N1_531_r_GTGCTACTAT,M9,AATGATACGGCGACCACCGAGATCTACACGTGCTACTATTCTGGTTACTGCCAGTTGAATCTG
N1_426_r_GCGCCTGTTA,M10,AATGATACGGCGACCACCGAGATCTACACGCGCCTGTTATCTGGTTACTGCCAGTTGAATCTG
N1_162_r_TGGAGGCCTT,M11,AATGATACGGCGACCACCGAGATCTACACTGGAGGCCTTTCTGGTTACTGCCAGTTGAATCTG
N1_404_r_ATGGTAGTGG,M12,AATGATACGGCGACCACCGAGATCTACACATGGTAGTGGTCTGGTTACTGCCAGTTGAATCTG
N1_1214_r_CAACTTCCAG,M13,AATGATACGGCGACCACCGAGATCTACACCAACTTCCAGTCTGGTTACTGCCAGTTGAATCTG
N1_1488_r_GACATCACTG,M14,AATGATACGGCGACCACCGAGATCTACACGACATCACTGTCTGGTTACTGCCAGTTGAATCTG
N1_165_r_GATTATGTCG,M15,AATGATACGGCGACCACCGAGATCTACACGATTATGTCGTCTGGTTACTGCCAGTTGAATCTG
N1_763_r_ATCCTGCGGT,M16,AATGATACGGCGACCACCGAGATCTACACATCCTGCGGTTCTGGTTACTGCCAGTTGAATCTG
N1_524_r_GGTCTGAGAT,M17,AATGATACGGCGACCACCGAGATCTACACGGTCTGAGATTCTGGTTACTGCCAGTTGAATCTG
N1_639_r_ACGATTCGAC,M18,AATGATACGGCGACCACCGAGATCTACACACGATTCGACTCTGGTTACTGCCAGTTGAATCTG
N1_675_r_TTGTGTGCGT,M19,AATGATACGGCGACCACCGAGATCTACACTTGTGTGCGTTCTGGTTACTGCCAGTTGAATCTG
N1_930_r_AAGGCGTGAT,M20,AATGATACGGCGACCACCGAGATCTACACAAGGCGTGATTCTGGTTACTGCCAGTTGAATCTG
N1_757_r_ACCAATGGTA,M21,AATGATACGGCGACCACCGAGATCTACACACCAATGGTATCTGGTTACTGCCAGTTGAATCTG
N1_1135_r_TCTATGATGC,M22,AATGATACGGCGACCACCGAGATCTACACTCTATGATGCTCTGGTTACTGCCAGTTGAATCTG
N1_52_r_TCTTCTAGAG,M23,AATGATACGGCGACCACCGAGATCTACACTCTTCTAGAGTCTGGTTACTGCCAGTTGAATCTG
N1_1159_r_ATCAATCCAG,M24,AATGATACGGCGACCACCGAGATCTACACATCAATCCAGTCTGGTTACTGCCAGTTGAATCTG
N1_103_r_ATTCCTTGGT,N1,AATGATACGGCGACCACCGAGATCTACACATTCCTTGGTTCTGGTTACTGCCAGTTGAATCTG
N1_1292_r_TAAGGCTCTG,N2,AATGATACGGCGACCACCGAGATCTACACTAAGGCTCTGTCTGGTTACTGCCAGTTGAATCTG
N1_214_r_TCGTGTCTCC,N3,AATGATACGGCGACCACCGAGATCTACACTCGTGTCTCCTCTGGTTACTGCCAGTTGAATCTG
N1_1338_r_GAGACCAAGT,N4,AATGATACGGCGACCACCGAGATCTACACGAGACCAAGTTCTGGTTACTGCCAGTTGAATCTG
N1_860_r_CCGGACCAAT,N5,AATGATACGGCGACCACCGAGATCTACACCCGGACCAATTCTGGTTACTGCCAGTTGAATCTG
N1_743_r_GGACTTGCGA,N6,AATGATACGGCGACCACCGAGATCTACACGGACTTGCGATCTGGTTACTGCCAGTTGAATCTG
N1_1110_r_CTCTCCGAAC,N7,AATGATACGGCGACCACCGAGATCTACACCTCTCCGAACTCTGGTTACTGCCAGTTGAATCTG
N1_434_r_CGCAGTCAGT,N8,AATGATACGGCGACCACCGAGATCTACACCGCAGTCAGTTCTGGTTACTGCCAGTTGAATCTG
N1_263_r_ATGGTGTCGA,N9,AATGATACGGCGACCACCGAGATCTACACATGGTGTCGATCTGGTTACTGCCAGTTGAATCTG
N1_886_r_CTTATGCATC,N10,AATGATACGGCGACCACCGAGATCTACACCTTATGCATCTCTGGTTACTGCCAGTTGAATCTG
N1_754_r_AAGCTTAGGA,N11,AATGATACGGCGACCACCGAGATCTACACAAGCTTAGGATCTGGTTACTGCCAGTTGAATCTG
N1_472_r_TCACCGATGG,N12,AATGATACGGCGACCACCGAGATCTACACTCACCGATGGTCTGGTTACTGCCAGTTGAATCTG
N1_747_r_GAGCAATAGA,N13,AATGATACGGCGACCACCGAGATCTACACGAGCAATAGATCTGGTTACTGCCAGTTGAATCTG
N1_321_r_GTATCAGAAC,N14,AATGATACGGCGACCACCGAGATCTACACGTATCAGAACTCTGGTTACTGCCAGTTGAATCTG
N1_242_r_AGCTATGCCA,N15,AATGATACGGCGACCACCGAGATCTACACAGCTATGCCATCTGGTTACTGCCAGTTGAATCTG
N1_899_r_TGGAGTACGG,N16,AATGATACGGCGACCACCGAGATCTACACTGGAGTACGGTCTGGTTACTGCCAGTTGAATCTG
N1_499_r_ATACGTGCCA,N17,AATGATACGGCGACCACCGAGATCTACACATACGTGCCATCTGGTTACTGCCAGTTGAATCTG
N1_1506_r_GATCCATAAC,N18,AATGATACGGCGACCACCGAGATCTACACGATCCATAACTCTGGTTACTGCCAGTTGAATCTG
N1_784_r_CACTCCGTTG,N19,AATGATACGGCGACCACCGAGATCTACACCACTCCGTTGTCTGGTTACTGCCAGTTGAATCTG
N1_668_r_ACCTAACCGG,N20,AATGATACGGCGACCACCGAGATCTACACACCTAACCGGTCTGGTTACTGCCAGTTGAATCTG
N1_489_r_GAGCTCCTCA,N21,AATGATACGGCGACCACCGAGATCTACACGAGCTCCTCATCTGGTTACTGCCAGTTGAATCTG
N1_1399_r_AGAGGCCAAT,N22,AATGATACGGCGACCACCGAGATCTACACAGAGGCCAATTCTGGTTACTGCCAGTTGAATCTG
N1_350_r_GTCGGACCTA,N23,AATGATACGGCGACCACCGAGATCTACACGTCGGACCTATCTGGTTACTGCCAGTTGAATCTG
N1_1396_r_CAGGCCATCA,N24,AATGATACGGCGACCACCGAGATCTACACCAGGCCATCATCTGGTTACTGCCAGTTGAATCTG
N1_178_r_GCTTCATGTA,O1,AATGATACGGCGACCACCGAGATCTACACGCTTCATGTATCTGGTTACTGCCAGTTGAATCTG
N1_1305_r_ACATTGAGAC,O2,AATGATACGGCGACCACCGAGATCTACACACATTGAGACTCTGGTTACTGCCAGTTGAATCTG
N1_492_r_GTAAGGAGTA,O3,AATGATACGGCGACCACCGAGATCTACACGTAAGGAGTATCTGGTTACTGCCAGTTGAATCTG
N1_1186_r_TGAATGCGTC,O4,AATGATACGGCGACCACCGAGATCTACACTGAATGCGTCTCTGGTTACTGCCAGTTGAATCTG
N1_895_r_ATTGTCGAAC,O5,AATGATACGGCGACCACCGAGATCTACACATTGTCGAACTCTGGTTACTGCCAGTTGAATCTG
N1_30_r_CGTATACTGT,O6,AATGATACGGCGACCACCGAGATCTACACCGTATACTGTTCTGGTTACTGCCAGTTGAATCTG
N1_744_r_CAATGGCGAG,O7,AATGATACGGCGACCACCGAGATCTACACCAATGGCGAGTCTGGTTACTGCCAGTTGAATCTG
N1_903_r_AGGCCACATC,O8,AATGATACGGCGACCACCGAGATCTACACAGGCCACATCTCTGGTTACTGCCAGTTGAATCTG
N1_1360_r_ATACAGATCC,O9,AATGATACGGCGACCACCGAGATCTACACATACAGATCCTCTGGTTACTGCCAGTTGAATCTG
N1_954_r_GGCAATACGG,O10,AATGATACGGCGACCACCGAGATCTACACGGCAATACGGTCTGGTTACTGCCAGTTGAATCTG
N1_1381_r_GTTCAAGTCT,O11,AATGATACGGCGACCACCGAGATCTACACGTTCAAGTCTTCTGGTTACTGCCAGTTGAATCTG
N1_856_r_GACTCGTCAG,O12,AATGATACGGCGACCACCGAGATCTACACGACTCGTCAGTCTGGTTACTGCCAGTTGAATCTG
N1_1339_r_CAACTCGTGC,O13,AATGATACGGCGACCACCGAGATCTACACCAACTCGTGCTCTGGTTACTGCCAGTTGAATCTG
N1_824_r_TATATGCGGC,O14,AATGATACGGCGACCACCGAGATCTACACTATATGCGGCTCTGGTTACTGCCAGTTGAATCTG
N1_205_r_AGGTCATCGA,O15,AATGATACGGCGACCACCGAGATCTACACAGGTCATCGATCTGGTTACTGCCAGTTGAATCTG
N1_1188_r_CGTTAGAAGT,O16,AATGATACGGCGACCACCGAGATCTACACCGTTAGAAGTTCTGGTTACTGCCAGTTGAATCTG
N1_1359_r_GAGAATGGCT,O17,AATGATACGGCGACCACCGAGATCTACACGAGAATGGCTTCTGGTTACTGCCAGTTGAATCTG
N1_1160_r_TATGCCATGA,O18,AATGATACGGCGACCACCGAGATCTACACTATGCCATGATCTGGTTACTGCCAGTTGAATCTG
N1_745_r_TGGAATCGGC,O19,AATGATACGGCGACCACCGAGATCTACACTGGAATCGGCTCTGGTTACTGCCAGTTGAATCTG
N1_159_r_AAGACCTTGG,O20,AATGATACGGCGACCACCGAGATCTACACAAGACCTTGGTCTGGTTACTGCCAGTTGAATCTG
N1_1145_r_AGCAATGAGT,O21,AATGATACGGCGACCACCGAGATCTACACAGCAATGAGTTCTGGTTACTGCCAGTTGAATCTG
N1_830_r_TGGTAGGCTC,O22,AATGATACGGCGACCACCGAGATCTACACTGGTAGGCTCTCTGGTTACTGCCAGTTGAATCTG
N1_1187_r_CAAGCTCCGA,O23,AATGATACGGCGACCACCGAGATCTACACCAAGCTCCGATCTGGTTACTGCCAGTTGAATCTG
N1_1038_r_GGTTACCAAC,O24,AATGATACGGCGACCACCGAGATCTACACGGTTACCAACTCTGGTTACTGCCAGTTGAATCTG
N1_236_r_GACGCACAGA,P1,AATGATACGGCGACCACCGAGATCTACACGACGCACAGATCTGGTTACTGCCAGTTGAATCTG
N1_776_r_AAGAGTGCCA,P2,AATGATACGGCGACCACCGAGATCTACACAAGAGTGCCATCTGGTTACTGCCAGTTGAATCTG
N1_1437_r_TCAACCATGA,P3,AATGATACGGCGACCACCGAGATCTACACTCAACCATGATCTGGTTACTGCCAGTTGAATCTG
N1_386_r_GCGTATCATC,P4,AATGATACGGCGACCACCGAGATCTACACGCGTATCATCTCTGGTTACTGCCAGTTGAATCTG
N1_1099_r_ACGAGGCATT,P5,AATGATACGGCGACCACCGAGATCTACACACGAGGCATTTCTGGTTACTGCCAGTTGAATCTG
N1_1354_r_AGTTCTCAGC,P6,AATGATACGGCGACCACCGAGATCTACACAGTTCTCAGCTCTGGTTACTGCCAGTTGAATCTG
N1_806_r_CAACCGGACT,P7,AATGATACGGCGACCACCGAGATCTACACCAACCGGACTTCTGGTTACTGCCAGTTGAATCTG
N1_1355_r_TTGAGTACAC,P8,AATGATACGGCGACCACCGAGATCTACACTTGAGTACACTCTGGTTACTGCCAGTTGAATCTG
N1_1443_r_CAACAGATGG,P9,AATGATACGGCGACCACCGAGATCTACACCAACAGATGGTCTGGTTACTGCCAGTTGAATCTG
N1_1424_r_GCTATCCTAG,P10,AATGATACGGCGACCACCGAGATCTACACGCTATCCTAGTCTGGTTACTGCCAGTTGAATCTG
N1_1146_r_TCATGGCTCA,P11,AATGATACGGCGACCACCGAGATCTACACTCATGGCTCATCTGGTTACTGCCAGTTGAATCTG
N1_1220_r_TGCTAAGTTC,P12,AATGATACGGCGACCACCGAGATCTACACTGCTAAGTTCTCTGGTTACTGCCAGTTGAATCTG
N1_1058_r_TCTTCCGGAC,P13,AATGATACGGCGACCACCGAGATCTACACTCTTCCGGACTCTGGTTACTGCCAGTTGAATCTG
N1_118_r_AATCGGTTAC,P14,AATGATACGGCGACCACCGAGATCTACACAATCGGTTACTCTGGTTACTGCCAGTTGAATCTG
N1_647_r_GTTACACGGC,P15,AATGATACGGCGACCACCGAGATCTACACGTTACACGGCTCTGGTTACTGCCAGTTGAATCTG
N1_356_r_GAGGAGTGTC,P16,AATGATACGGCGACCACCGAGATCTACACGAGGAGTGTCTCTGGTTACTGCCAGTTGAATCTG
N1_536_r_GACGAACTAC,P17,AATGATACGGCGACCACCGAGATCTACACGACGAACTACTCTGGTTACTGCCAGTTGAATCTG
N1_614_r_TCATAACGGC,P18,AATGATACGGCGACCACCGAGATCTACACTCATAACGGCTCTGGTTACTGCCAGTTGAATCTG
N1_767_r_AATTCGGAGC,P19,AATGATACGGCGACCACCGAGATCTACACAATTCGGAGCTCTGGTTACTGCCAGTTGAATCTG
N1_445_r_CGGATAGTTC,P20,AATGATACGGCGACCACCGAGATCTACACCGGATAGTTCTCTGGTTACTGCCAGTTGAATCTG
N1_777_r_GCCATTCAAT,P21,AATGATACGGCGACCACCGAGATCTACACGCCATTCAATTCTGGTTACTGCCAGTTGAATCTG
N1_447_r_ACCGCGAAGT,P22,AATGATACGGCGACCACCGAGATCTACACACCGCGAAGTTCTGGTTACTGCCAGTTGAATCTG
N1_1477_r_TACTCCTATC,P23,AATGATACGGCGACCACCGAGATCTACACTACTCCTATCTCTGGTTACTGCCAGTTGAATCTG
N1_994_r_GCAGTTACTC,P24,AATGATACGGCGACCACCGAGATCTACACGCAGTTACTCTCTGGTTACTGCCAGTTGAATCTG
